{
  "routes": [
    {
      "method": "GET",
      "path": "/produtos",
      "handler": "Produtos.find",
      "config": {
        "policies": []
      }
    },
    {
      "method": "GET",
      "path": "/produtos/count",
      "handler": "Produtos.count",
      "config": {
        "policies": []
      }
    },
    {
      "method": "GET",
      "path": "/produtos/:id",
      "handler": "Produtos.findOne",
      "config": {
        "policies": []
      }
    },
    {
      "method": "POST",
      "path": "/produtos",
      "handler": "Produtos.create",
      "config": {
        "policies": []
      }
    },
    {
      "method": "PUT",
      "path": "/produtos/:id",
      "handler": "Produtos.update",
      "config": {
        "policies": []
      }
    },
    {
      "method": "DELETE",
      "path": "/produtos/:id",
      "handler": "Produtos.delete",
      "config": {
        "policies": []
      }
    }
  ]
}
