{
  "connection": "default",
  "collectionName": "produtos",
  "info": {
    "name": "produtos",
    "description": ""
  },
  "options": {
    "increments": true,
    "timestamps": [
      "created_at",
      "updated_at"
    ],
    "comment": ""
  },
  "attributes": {
    "nome": {
      "type": "string"
    },
    "artista": {
      "type": "string"
    },
    "valor": {
      "type": "decimal"
    },
    "imagem": {
      "type": "string"
    },
    "ano": {
      "type": "integer"
    }
  }
}